SubjectID	NCBITaxonID
GTEX-1117F	https://www.ncbi.nlm.nih.gov/Taxonomy/Browser/wwwtax.cgi?id=9606
GTEX-111CU	https://www.ncbi.nlm.nih.gov/Taxonomy/Browser/wwwtax.cgi?id=9606
GTEX-111FC	https://www.ncbi.nlm.nih.gov/Taxonomy/Browser/wwwtax.cgi?id=9606
GTEX-111VG	https://www.ncbi.nlm.nih.gov/Taxonomy/Browser/wwwtax.cgi?id=9606
GTEX-111YS	https://www.ncbi.nlm.nih.gov/Taxonomy/Browser/wwwtax.cgi?id=9606
GTEX-1122O	https://www.ncbi.nlm.nih.gov/Taxonomy/Browser/wwwtax.cgi?id=9606
GTEX-1128S	https://www.ncbi.nlm.nih.gov/Taxonomy/Browser/wwwtax.cgi?id=9606
GTEX-113IC	https://www.ncbi.nlm.nih.gov/Taxonomy/Browser/wwwtax.cgi?id=9606
GTEX-113JC	https://www.ncbi.nlm.nih.gov/Taxonomy/Browser/wwwtax.cgi?id=9606
GTEX-117XS	https://www.ncbi.nlm.nih.gov/Taxonomy/Browser/wwwtax.cgi?id=9606
GTEX-117YW	https://www.ncbi.nlm.nih.gov/Taxonomy/Browser/wwwtax.cgi?id=9606
GTEX-117YX	https://www.ncbi.nlm.nih.gov/Taxonomy/Browser/wwwtax.cgi?id=9606
GTEX-1192W	https://www.ncbi.nlm.nih.gov/Taxonomy/Browser/wwwtax.cgi?id=9606
GTEX-1192X	https://www.ncbi.nlm.nih.gov/Taxonomy/Browser/wwwtax.cgi?id=9606
GTEX-11DXW	https://www.ncbi.nlm.nih.gov/Taxonomy/Browser/wwwtax.cgi?id=9606
GTEX-11DXX	https://www.ncbi.nlm.nih.gov/Taxonomy/Browser/wwwtax.cgi?id=9606
GTEX-11DXY	https://www.ncbi.nlm.nih.gov/Taxonomy/Browser/wwwtax.cgi?id=9606
GTEX-11DXZ	https://www.ncbi.nlm.nih.gov/Taxonomy/Browser/wwwtax.cgi?id=9606
GTEX-11DYG	https://www.ncbi.nlm.nih.gov/Taxonomy/Browser/wwwtax.cgi?id=9606
GTEX-11DZ1	https://www.ncbi.nlm.nih.gov/Taxonomy/Browser/wwwtax.cgi?id=9606
GTEX-11EI6	https://www.ncbi.nlm.nih.gov/Taxonomy/Browser/wwwtax.cgi?id=9606
GTEX-11EM3	https://www.ncbi.nlm.nih.gov/Taxonomy/Browser/wwwtax.cgi?id=9606
GTEX-11EMC	https://www.ncbi.nlm.nih.gov/Taxonomy/Browser/wwwtax.cgi?id=9606
GTEX-11EQ8	https://www.ncbi.nlm.nih.gov/Taxonomy/Browser/wwwtax.cgi?id=9606
GTEX-11EQ9	https://www.ncbi.nlm.nih.gov/Taxonomy/Browser/wwwtax.cgi?id=9606
GTEX-11GS4	https://www.ncbi.nlm.nih.gov/Taxonomy/Browser/wwwtax.cgi?id=9606
GTEX-11GSO	https://www.ncbi.nlm.nih.gov/Taxonomy/Browser/wwwtax.cgi?id=9606
GTEX-11GSP	https://www.ncbi.nlm.nih.gov/Taxonomy/Browser/wwwtax.cgi?id=9606
GTEX-11H98	https://www.ncbi.nlm.nih.gov/Taxonomy/Browser/wwwtax.cgi?id=9606
GTEX-11I78	https://www.ncbi.nlm.nih.gov/Taxonomy/Browser/wwwtax.cgi?id=9606
GTEX-11ILO	https://www.ncbi.nlm.nih.gov/Taxonomy/Browser/wwwtax.cgi?id=9606
GTEX-11LCK	https://www.ncbi.nlm.nih.gov/Taxonomy/Browser/wwwtax.cgi?id=9606
GTEX-11NSD	https://www.ncbi.nlm.nih.gov/Taxonomy/Browser/wwwtax.cgi?id=9606
GTEX-11NUK	https://www.ncbi.nlm.nih.gov/Taxonomy/Browser/wwwtax.cgi?id=9606
GTEX-11NV4	https://www.ncbi.nlm.nih.gov/Taxonomy/Browser/wwwtax.cgi?id=9606
GTEX-11O72	https://www.ncbi.nlm.nih.gov/Taxonomy/Browser/wwwtax.cgi?id=9606
GTEX-11OC5	https://www.ncbi.nlm.nih.gov/Taxonomy/Browser/wwwtax.cgi?id=9606
GTEX-11OF3	https://www.ncbi.nlm.nih.gov/Taxonomy/Browser/wwwtax.cgi?id=9606
GTEX-11ONC	https://www.ncbi.nlm.nih.gov/Taxonomy/Browser/wwwtax.cgi?id=9606
GTEX-11P7K	https://www.ncbi.nlm.nih.gov/Taxonomy/Browser/wwwtax.cgi?id=9606
GTEX-11P81	https://www.ncbi.nlm.nih.gov/Taxonomy/Browser/wwwtax.cgi?id=9606
GTEX-11P82	https://www.ncbi.nlm.nih.gov/Taxonomy/Browser/wwwtax.cgi?id=9606
GTEX-11PRG	https://www.ncbi.nlm.nih.gov/Taxonomy/Browser/wwwtax.cgi?id=9606
GTEX-11TT1	https://www.ncbi.nlm.nih.gov/Taxonomy/Browser/wwwtax.cgi?id=9606
GTEX-11TTK	https://www.ncbi.nlm.nih.gov/Taxonomy/Browser/wwwtax.cgi?id=9606
GTEX-11TUW	https://www.ncbi.nlm.nih.gov/Taxonomy/Browser/wwwtax.cgi?id=9606
GTEX-11UD1	https://www.ncbi.nlm.nih.gov/Taxonomy/Browser/wwwtax.cgi?id=9606
GTEX-11UD2	https://www.ncbi.nlm.nih.gov/Taxonomy/Browser/wwwtax.cgi?id=9606
GTEX-11VI4	https://www.ncbi.nlm.nih.gov/Taxonomy/Browser/wwwtax.cgi?id=9606
GTEX-11WQC	https://www.ncbi.nlm.nih.gov/Taxonomy/Browser/wwwtax.cgi?id=9606
GTEX-11WQK	https://www.ncbi.nlm.nih.gov/Taxonomy/Browser/wwwtax.cgi?id=9606
GTEX-11XUK	https://www.ncbi.nlm.nih.gov/Taxonomy/Browser/wwwtax.cgi?id=9606
GTEX-11ZTS	https://www.ncbi.nlm.nih.gov/Taxonomy/Browser/wwwtax.cgi?id=9606
GTEX-11ZTT	https://www.ncbi.nlm.nih.gov/Taxonomy/Browser/wwwtax.cgi?id=9606
GTEX-11ZU8	https://www.ncbi.nlm.nih.gov/Taxonomy/Browser/wwwtax.cgi?id=9606
GTEX-11ZUS	https://www.ncbi.nlm.nih.gov/Taxonomy/Browser/wwwtax.cgi?id=9606
GTEX-11ZVC	https://www.ncbi.nlm.nih.gov/Taxonomy/Browser/wwwtax.cgi?id=9606
GTEX-1211K	https://www.ncbi.nlm.nih.gov/Taxonomy/Browser/wwwtax.cgi?id=9606
GTEX-12126	https://www.ncbi.nlm.nih.gov/Taxonomy/Browser/wwwtax.cgi?id=9606
GTEX-1212Z	https://www.ncbi.nlm.nih.gov/Taxonomy/Browser/wwwtax.cgi?id=9606
GTEX-12584	https://www.ncbi.nlm.nih.gov/Taxonomy/Browser/wwwtax.cgi?id=9606
GTEX-12696	https://www.ncbi.nlm.nih.gov/Taxonomy/Browser/wwwtax.cgi?id=9606
GTEX-1269C	https://www.ncbi.nlm.nih.gov/Taxonomy/Browser/wwwtax.cgi?id=9606
GTEX-12BJ1	https://www.ncbi.nlm.nih.gov/Taxonomy/Browser/wwwtax.cgi?id=9606
GTEX-12C56	https://www.ncbi.nlm.nih.gov/Taxonomy/Browser/wwwtax.cgi?id=9606
GTEX-12KS4	https://www.ncbi.nlm.nih.gov/Taxonomy/Browser/wwwtax.cgi?id=9606
GTEX-12WS9	https://www.ncbi.nlm.nih.gov/Taxonomy/Browser/wwwtax.cgi?id=9606
GTEX-12WSA	https://www.ncbi.nlm.nih.gov/Taxonomy/Browser/wwwtax.cgi?id=9606
GTEX-12WSB	https://www.ncbi.nlm.nih.gov/Taxonomy/Browser/wwwtax.cgi?id=9606
GTEX-12WSC	https://www.ncbi.nlm.nih.gov/Taxonomy/Browser/wwwtax.cgi?id=9606
GTEX-12WSD	https://www.ncbi.nlm.nih.gov/Taxonomy/Browser/wwwtax.cgi?id=9606
GTEX-12WSE	https://www.ncbi.nlm.nih.gov/Taxonomy/Browser/wwwtax.cgi?id=9606
GTEX-12WSF	https://www.ncbi.nlm.nih.gov/Taxonomy/Browser/wwwtax.cgi?id=9606
GTEX-12WSG	https://www.ncbi.nlm.nih.gov/Taxonomy/Browser/wwwtax.cgi?id=9606
GTEX-12WSH	https://www.ncbi.nlm.nih.gov/Taxonomy/Browser/wwwtax.cgi?id=9606
GTEX-12WSI	https://www.ncbi.nlm.nih.gov/Taxonomy/Browser/wwwtax.cgi?id=9606
GTEX-12WSJ	https://www.ncbi.nlm.nih.gov/Taxonomy/Browser/wwwtax.cgi?id=9606
GTEX-12WSK	https://www.ncbi.nlm.nih.gov/Taxonomy/Browser/wwwtax.cgi?id=9606
GTEX-12WSL	https://www.ncbi.nlm.nih.gov/Taxonomy/Browser/wwwtax.cgi?id=9606
GTEX-12WSM	https://www.ncbi.nlm.nih.gov/Taxonomy/Browser/wwwtax.cgi?id=9606
GTEX-12WSN	https://www.ncbi.nlm.nih.gov/Taxonomy/Browser/wwwtax.cgi?id=9606
GTEX-12ZZW	https://www.ncbi.nlm.nih.gov/Taxonomy/Browser/wwwtax.cgi?id=9606
GTEX-12ZZX	https://www.ncbi.nlm.nih.gov/Taxonomy/Browser/wwwtax.cgi?id=9606
GTEX-12ZZY	https://www.ncbi.nlm.nih.gov/Taxonomy/Browser/wwwtax.cgi?id=9606
GTEX-12ZZZ	https://www.ncbi.nlm.nih.gov/Taxonomy/Browser/wwwtax.cgi?id=9606
GTEX-13111	https://www.ncbi.nlm.nih.gov/Taxonomy/Browser/wwwtax.cgi?id=9606
GTEX-13112	https://www.ncbi.nlm.nih.gov/Taxonomy/Browser/wwwtax.cgi?id=9606
GTEX-13113	https://www.ncbi.nlm.nih.gov/Taxonomy/Browser/wwwtax.cgi?id=9606
GTEX-1313W	https://www.ncbi.nlm.nih.gov/Taxonomy/Browser/wwwtax.cgi?id=9606
GTEX-1314G	https://www.ncbi.nlm.nih.gov/Taxonomy/Browser/wwwtax.cgi?id=9606
GTEX-131XE	https://www.ncbi.nlm.nih.gov/Taxonomy/Browser/wwwtax.cgi?id=9606
GTEX-131XF	https://www.ncbi.nlm.nih.gov/Taxonomy/Browser/wwwtax.cgi?id=9606
GTEX-131XG	https://www.ncbi.nlm.nih.gov/Taxonomy/Browser/wwwtax.cgi?id=9606
GTEX-131XH	https://www.ncbi.nlm.nih.gov/Taxonomy/Browser/wwwtax.cgi?id=9606
GTEX-131XW	https://www.ncbi.nlm.nih.gov/Taxonomy/Browser/wwwtax.cgi?id=9606
GTEX-131YS	https://www.ncbi.nlm.nih.gov/Taxonomy/Browser/wwwtax.cgi?id=9606
GTEX-132AR	https://www.ncbi.nlm.nih.gov/Taxonomy/Browser/wwwtax.cgi?id=9606
GTEX-132NY	https://www.ncbi.nlm.nih.gov/Taxonomy/Browser/wwwtax.cgi?id=9606
GTEX-132Q8	https://www.ncbi.nlm.nih.gov/Taxonomy/Browser/wwwtax.cgi?id=9606
GTEX-132QS	https://www.ncbi.nlm.nih.gov/Taxonomy/Browser/wwwtax.cgi?id=9606
GTEX-1339X	https://www.ncbi.nlm.nih.gov/Taxonomy/Browser/wwwtax.cgi?id=9606
GTEX-133LE	https://www.ncbi.nlm.nih.gov/Taxonomy/Browser/wwwtax.cgi?id=9606
GTEX-1399Q	https://www.ncbi.nlm.nih.gov/Taxonomy/Browser/wwwtax.cgi?id=9606
GTEX-1399R	https://www.ncbi.nlm.nih.gov/Taxonomy/Browser/wwwtax.cgi?id=9606
GTEX-1399S	https://www.ncbi.nlm.nih.gov/Taxonomy/Browser/wwwtax.cgi?id=9606
GTEX-1399T	https://www.ncbi.nlm.nih.gov/Taxonomy/Browser/wwwtax.cgi?id=9606
GTEX-1399U	https://www.ncbi.nlm.nih.gov/Taxonomy/Browser/wwwtax.cgi?id=9606
GTEX-139D8	https://www.ncbi.nlm.nih.gov/Taxonomy/Browser/wwwtax.cgi?id=9606
GTEX-139T4	https://www.ncbi.nlm.nih.gov/Taxonomy/Browser/wwwtax.cgi?id=9606
GTEX-139T6	https://www.ncbi.nlm.nih.gov/Taxonomy/Browser/wwwtax.cgi?id=9606
GTEX-139T8	https://www.ncbi.nlm.nih.gov/Taxonomy/Browser/wwwtax.cgi?id=9606
GTEX-139TS	https://www.ncbi.nlm.nih.gov/Taxonomy/Browser/wwwtax.cgi?id=9606
GTEX-139TT	https://www.ncbi.nlm.nih.gov/Taxonomy/Browser/wwwtax.cgi?id=9606
GTEX-139TU	https://www.ncbi.nlm.nih.gov/Taxonomy/Browser/wwwtax.cgi?id=9606
GTEX-139UC	https://www.ncbi.nlm.nih.gov/Taxonomy/Browser/wwwtax.cgi?id=9606
GTEX-139UW	https://www.ncbi.nlm.nih.gov/Taxonomy/Browser/wwwtax.cgi?id=9606
GTEX-139YR	https://www.ncbi.nlm.nih.gov/Taxonomy/Browser/wwwtax.cgi?id=9606
GTEX-13CF2	https://www.ncbi.nlm.nih.gov/Taxonomy/Browser/wwwtax.cgi?id=9606
GTEX-13CF3	https://www.ncbi.nlm.nih.gov/Taxonomy/Browser/wwwtax.cgi?id=9606
GTEX-13CIG	https://www.ncbi.nlm.nih.gov/Taxonomy/Browser/wwwtax.cgi?id=9606
GTEX-13CZU	https://www.ncbi.nlm.nih.gov/Taxonomy/Browser/wwwtax.cgi?id=9606
GTEX-13CZV	https://www.ncbi.nlm.nih.gov/Taxonomy/Browser/wwwtax.cgi?id=9606
GTEX-13D11	https://www.ncbi.nlm.nih.gov/Taxonomy/Browser/wwwtax.cgi?id=9606
GTEX-13FH7	https://www.ncbi.nlm.nih.gov/Taxonomy/Browser/wwwtax.cgi?id=9606
GTEX-13FHO	https://www.ncbi.nlm.nih.gov/Taxonomy/Browser/wwwtax.cgi?id=9606
GTEX-13FHP	https://www.ncbi.nlm.nih.gov/Taxonomy/Browser/wwwtax.cgi?id=9606
GTEX-13FLV	https://www.ncbi.nlm.nih.gov/Taxonomy/Browser/wwwtax.cgi?id=9606
GTEX-13FLW	https://www.ncbi.nlm.nih.gov/Taxonomy/Browser/wwwtax.cgi?id=9606
GTEX-13FTW	https://www.ncbi.nlm.nih.gov/Taxonomy/Browser/wwwtax.cgi?id=9606
GTEX-13FTX	https://www.ncbi.nlm.nih.gov/Taxonomy/Browser/wwwtax.cgi?id=9606
GTEX-13FTY	https://www.ncbi.nlm.nih.gov/Taxonomy/Browser/wwwtax.cgi?id=9606
GTEX-13FTZ	https://www.ncbi.nlm.nih.gov/Taxonomy/Browser/wwwtax.cgi?id=9606
GTEX-13FXS	https://www.ncbi.nlm.nih.gov/Taxonomy/Browser/wwwtax.cgi?id=9606
GTEX-13G51	https://www.ncbi.nlm.nih.gov/Taxonomy/Browser/wwwtax.cgi?id=9606
GTEX-13IVO	https://www.ncbi.nlm.nih.gov/Taxonomy/Browser/wwwtax.cgi?id=9606
GTEX-13JUV	https://www.ncbi.nlm.nih.gov/Taxonomy/Browser/wwwtax.cgi?id=9606
GTEX-13JVG	https://www.ncbi.nlm.nih.gov/Taxonomy/Browser/wwwtax.cgi?id=9606
GTEX-13N11	https://www.ncbi.nlm.nih.gov/Taxonomy/Browser/wwwtax.cgi?id=9606
GTEX-13N1W	https://www.ncbi.nlm.nih.gov/Taxonomy/Browser/wwwtax.cgi?id=9606
GTEX-13N2G	https://www.ncbi.nlm.nih.gov/Taxonomy/Browser/wwwtax.cgi?id=9606
GTEX-13NYB	https://www.ncbi.nlm.nih.gov/Taxonomy/Browser/wwwtax.cgi?id=9606
GTEX-13NYC	https://www.ncbi.nlm.nih.gov/Taxonomy/Browser/wwwtax.cgi?id=9606
GTEX-13NYS	https://www.ncbi.nlm.nih.gov/Taxonomy/Browser/wwwtax.cgi?id=9606
GTEX-13NZ8	https://www.ncbi.nlm.nih.gov/Taxonomy/Browser/wwwtax.cgi?id=9606
GTEX-13NZ9	https://www.ncbi.nlm.nih.gov/Taxonomy/Browser/wwwtax.cgi?id=9606
GTEX-13NZA	https://www.ncbi.nlm.nih.gov/Taxonomy/Browser/wwwtax.cgi?id=9606
GTEX-13NZB	https://www.ncbi.nlm.nih.gov/Taxonomy/Browser/wwwtax.cgi?id=9606
GTEX-13O1R	https://www.ncbi.nlm.nih.gov/Taxonomy/Browser/wwwtax.cgi?id=9606
GTEX-13O21	https://www.ncbi.nlm.nih.gov/Taxonomy/Browser/wwwtax.cgi?id=9606
GTEX-13O3O	https://www.ncbi.nlm.nih.gov/Taxonomy/Browser/wwwtax.cgi?id=9606
GTEX-13O3P	https://www.ncbi.nlm.nih.gov/Taxonomy/Browser/wwwtax.cgi?id=9606
GTEX-13O3Q	https://www.ncbi.nlm.nih.gov/Taxonomy/Browser/wwwtax.cgi?id=9606
GTEX-13O61	https://www.ncbi.nlm.nih.gov/Taxonomy/Browser/wwwtax.cgi?id=9606
GTEX-13OVG	https://www.ncbi.nlm.nih.gov/Taxonomy/Browser/wwwtax.cgi?id=9606
GTEX-13OVH	https://www.ncbi.nlm.nih.gov/Taxonomy/Browser/wwwtax.cgi?id=9606
GTEX-13OVI	https://www.ncbi.nlm.nih.gov/Taxonomy/Browser/wwwtax.cgi?id=9606
GTEX-13OVJ	https://www.ncbi.nlm.nih.gov/Taxonomy/Browser/wwwtax.cgi?id=9606
GTEX-13OVK	https://www.ncbi.nlm.nih.gov/Taxonomy/Browser/wwwtax.cgi?id=9606
GTEX-13OVL	https://www.ncbi.nlm.nih.gov/Taxonomy/Browser/wwwtax.cgi?id=9606
GTEX-13OW5	https://www.ncbi.nlm.nih.gov/Taxonomy/Browser/wwwtax.cgi?id=9606
GTEX-13OW6	https://www.ncbi.nlm.nih.gov/Taxonomy/Browser/wwwtax.cgi?id=9606
GTEX-13OW7	https://www.ncbi.nlm.nih.gov/Taxonomy/Browser/wwwtax.cgi?id=9606
GTEX-13OW8	https://www.ncbi.nlm.nih.gov/Taxonomy/Browser/wwwtax.cgi?id=9606
GTEX-13PDP	https://www.ncbi.nlm.nih.gov/Taxonomy/Browser/wwwtax.cgi?id=9606
GTEX-13PL6	https://www.ncbi.nlm.nih.gov/Taxonomy/Browser/wwwtax.cgi?id=9606
GTEX-13PL7	https://www.ncbi.nlm.nih.gov/Taxonomy/Browser/wwwtax.cgi?id=9606
GTEX-13PLJ	https://www.ncbi.nlm.nih.gov/Taxonomy/Browser/wwwtax.cgi?id=9606
GTEX-13PVQ	https://www.ncbi.nlm.nih.gov/Taxonomy/Browser/wwwtax.cgi?id=9606
GTEX-13PVR	https://www.ncbi.nlm.nih.gov/Taxonomy/Browser/wwwtax.cgi?id=9606
GTEX-13QBU	https://www.ncbi.nlm.nih.gov/Taxonomy/Browser/wwwtax.cgi?id=9606
GTEX-13QIC	https://www.ncbi.nlm.nih.gov/Taxonomy/Browser/wwwtax.cgi?id=9606
GTEX-13QJ3	https://www.ncbi.nlm.nih.gov/Taxonomy/Browser/wwwtax.cgi?id=9606
GTEX-13QJC	https://www.ncbi.nlm.nih.gov/Taxonomy/Browser/wwwtax.cgi?id=9606
GTEX-13RTJ	https://www.ncbi.nlm.nih.gov/Taxonomy/Browser/wwwtax.cgi?id=9606
GTEX-13RTK	https://www.ncbi.nlm.nih.gov/Taxonomy/Browser/wwwtax.cgi?id=9606
GTEX-13RTL	https://www.ncbi.nlm.nih.gov/Taxonomy/Browser/wwwtax.cgi?id=9606
GTEX-13S7M	https://www.ncbi.nlm.nih.gov/Taxonomy/Browser/wwwtax.cgi?id=9606
GTEX-13S86	https://www.ncbi.nlm.nih.gov/Taxonomy/Browser/wwwtax.cgi?id=9606
GTEX-13SLW	https://www.ncbi.nlm.nih.gov/Taxonomy/Browser/wwwtax.cgi?id=9606
GTEX-13SLX	https://www.ncbi.nlm.nih.gov/Taxonomy/Browser/wwwtax.cgi?id=9606
GTEX-13U4I	https://www.ncbi.nlm.nih.gov/Taxonomy/Browser/wwwtax.cgi?id=9606
GTEX-13VXT	https://www.ncbi.nlm.nih.gov/Taxonomy/Browser/wwwtax.cgi?id=9606
GTEX-13VXU	https://www.ncbi.nlm.nih.gov/Taxonomy/Browser/wwwtax.cgi?id=9606
GTEX-13W3W	https://www.ncbi.nlm.nih.gov/Taxonomy/Browser/wwwtax.cgi?id=9606
GTEX-13W46	https://www.ncbi.nlm.nih.gov/Taxonomy/Browser/wwwtax.cgi?id=9606
GTEX-13X6H	https://www.ncbi.nlm.nih.gov/Taxonomy/Browser/wwwtax.cgi?id=9606
GTEX-13X6I	https://www.ncbi.nlm.nih.gov/Taxonomy/Browser/wwwtax.cgi?id=9606
GTEX-13X6J	https://www.ncbi.nlm.nih.gov/Taxonomy/Browser/wwwtax.cgi?id=9606
GTEX-13X6K	https://www.ncbi.nlm.nih.gov/Taxonomy/Browser/wwwtax.cgi?id=9606
GTEX-13YAN	https://www.ncbi.nlm.nih.gov/Taxonomy/Browser/wwwtax.cgi?id=9606
GTEX-1445S	https://www.ncbi.nlm.nih.gov/Taxonomy/Browser/wwwtax.cgi?id=9606
GTEX-144FL	https://www.ncbi.nlm.nih.gov/Taxonomy/Browser/wwwtax.cgi?id=9606
GTEX-144GL	https://www.ncbi.nlm.nih.gov/Taxonomy/Browser/wwwtax.cgi?id=9606
GTEX-144GM	https://www.ncbi.nlm.nih.gov/Taxonomy/Browser/wwwtax.cgi?id=9606
GTEX-144GN	https://www.ncbi.nlm.nih.gov/Taxonomy/Browser/wwwtax.cgi?id=9606
GTEX-144GO	https://www.ncbi.nlm.nih.gov/Taxonomy/Browser/wwwtax.cgi?id=9606
GTEX-145LS	https://www.ncbi.nlm.nih.gov/Taxonomy/Browser/wwwtax.cgi?id=9606
GTEX-145LT	https://www.ncbi.nlm.nih.gov/Taxonomy/Browser/wwwtax.cgi?id=9606
GTEX-145LU	https://www.ncbi.nlm.nih.gov/Taxonomy/Browser/wwwtax.cgi?id=9606
GTEX-145LV	https://www.ncbi.nlm.nih.gov/Taxonomy/Browser/wwwtax.cgi?id=9606
GTEX-145ME	https://www.ncbi.nlm.nih.gov/Taxonomy/Browser/wwwtax.cgi?id=9606
GTEX-145MF	https://www.ncbi.nlm.nih.gov/Taxonomy/Browser/wwwtax.cgi?id=9606
GTEX-145MG	https://www.ncbi.nlm.nih.gov/Taxonomy/Browser/wwwtax.cgi?id=9606
GTEX-145MH	https://www.ncbi.nlm.nih.gov/Taxonomy/Browser/wwwtax.cgi?id=9606
GTEX-145MI	https://www.ncbi.nlm.nih.gov/Taxonomy/Browser/wwwtax.cgi?id=9606
GTEX-145MN	https://www.ncbi.nlm.nih.gov/Taxonomy/Browser/wwwtax.cgi?id=9606
GTEX-145MO	https://www.ncbi.nlm.nih.gov/Taxonomy/Browser/wwwtax.cgi?id=9606
GTEX-146FH	https://www.ncbi.nlm.nih.gov/Taxonomy/Browser/wwwtax.cgi?id=9606
GTEX-146FQ	https://www.ncbi.nlm.nih.gov/Taxonomy/Browser/wwwtax.cgi?id=9606
GTEX-146FR	https://www.ncbi.nlm.nih.gov/Taxonomy/Browser/wwwtax.cgi?id=9606
GTEX-14753	https://www.ncbi.nlm.nih.gov/Taxonomy/Browser/wwwtax.cgi?id=9606
GTEX-1477Z	https://www.ncbi.nlm.nih.gov/Taxonomy/Browser/wwwtax.cgi?id=9606
GTEX-147F3	https://www.ncbi.nlm.nih.gov/Taxonomy/Browser/wwwtax.cgi?id=9606
GTEX-147F4	https://www.ncbi.nlm.nih.gov/Taxonomy/Browser/wwwtax.cgi?id=9606
GTEX-147GR	https://www.ncbi.nlm.nih.gov/Taxonomy/Browser/wwwtax.cgi?id=9606
GTEX-147JS	https://www.ncbi.nlm.nih.gov/Taxonomy/Browser/wwwtax.cgi?id=9606
GTEX-148VI	https://www.ncbi.nlm.nih.gov/Taxonomy/Browser/wwwtax.cgi?id=9606
GTEX-148VJ	https://www.ncbi.nlm.nih.gov/Taxonomy/Browser/wwwtax.cgi?id=9606
GTEX-1497J	https://www.ncbi.nlm.nih.gov/Taxonomy/Browser/wwwtax.cgi?id=9606
GTEX-14A5H	https://www.ncbi.nlm.nih.gov/Taxonomy/Browser/wwwtax.cgi?id=9606
GTEX-14A5I	https://www.ncbi.nlm.nih.gov/Taxonomy/Browser/wwwtax.cgi?id=9606
GTEX-14A6H	https://www.ncbi.nlm.nih.gov/Taxonomy/Browser/wwwtax.cgi?id=9606
GTEX-14ABY	https://www.ncbi.nlm.nih.gov/Taxonomy/Browser/wwwtax.cgi?id=9606
GTEX-14AS3	https://www.ncbi.nlm.nih.gov/Taxonomy/Browser/wwwtax.cgi?id=9606
GTEX-14ASI	https://www.ncbi.nlm.nih.gov/Taxonomy/Browser/wwwtax.cgi?id=9606
GTEX-14B4R	https://www.ncbi.nlm.nih.gov/Taxonomy/Browser/wwwtax.cgi?id=9606
GTEX-14BIL	https://www.ncbi.nlm.nih.gov/Taxonomy/Browser/wwwtax.cgi?id=9606
GTEX-14BIM	https://www.ncbi.nlm.nih.gov/Taxonomy/Browser/wwwtax.cgi?id=9606
GTEX-14BIN	https://www.ncbi.nlm.nih.gov/Taxonomy/Browser/wwwtax.cgi?id=9606
GTEX-14BMU	https://www.ncbi.nlm.nih.gov/Taxonomy/Browser/wwwtax.cgi?id=9606
GTEX-14BMV	https://www.ncbi.nlm.nih.gov/Taxonomy/Browser/wwwtax.cgi?id=9606
GTEX-14C38	https://www.ncbi.nlm.nih.gov/Taxonomy/Browser/wwwtax.cgi?id=9606
GTEX-14C39	https://www.ncbi.nlm.nih.gov/Taxonomy/Browser/wwwtax.cgi?id=9606
GTEX-14C5O	https://www.ncbi.nlm.nih.gov/Taxonomy/Browser/wwwtax.cgi?id=9606
GTEX-14DAQ	https://www.ncbi.nlm.nih.gov/Taxonomy/Browser/wwwtax.cgi?id=9606
GTEX-14DAR	https://www.ncbi.nlm.nih.gov/Taxonomy/Browser/wwwtax.cgi?id=9606
GTEX-14E1K	https://www.ncbi.nlm.nih.gov/Taxonomy/Browser/wwwtax.cgi?id=9606
GTEX-14E6C	https://www.ncbi.nlm.nih.gov/Taxonomy/Browser/wwwtax.cgi?id=9606
GTEX-14E6D	https://www.ncbi.nlm.nih.gov/Taxonomy/Browser/wwwtax.cgi?id=9606
GTEX-14E6E	https://www.ncbi.nlm.nih.gov/Taxonomy/Browser/wwwtax.cgi?id=9606
GTEX-14E7W	https://www.ncbi.nlm.nih.gov/Taxonomy/Browser/wwwtax.cgi?id=9606
GTEX-14H4A	https://www.ncbi.nlm.nih.gov/Taxonomy/Browser/wwwtax.cgi?id=9606
GTEX-14ICK	https://www.ncbi.nlm.nih.gov/Taxonomy/Browser/wwwtax.cgi?id=9606
GTEX-14ICL	https://www.ncbi.nlm.nih.gov/Taxonomy/Browser/wwwtax.cgi?id=9606
GTEX-14JFF	https://www.ncbi.nlm.nih.gov/Taxonomy/Browser/wwwtax.cgi?id=9606
GTEX-14JG1	https://www.ncbi.nlm.nih.gov/Taxonomy/Browser/wwwtax.cgi?id=9606
GTEX-14JG6	https://www.ncbi.nlm.nih.gov/Taxonomy/Browser/wwwtax.cgi?id=9606
GTEX-14JIY	https://www.ncbi.nlm.nih.gov/Taxonomy/Browser/wwwtax.cgi?id=9606
GTEX-14LLW	https://www.ncbi.nlm.nih.gov/Taxonomy/Browser/wwwtax.cgi?id=9606
GTEX-14LZ3	https://www.ncbi.nlm.nih.gov/Taxonomy/Browser/wwwtax.cgi?id=9606
GTEX-14PHW	https://www.ncbi.nlm.nih.gov/Taxonomy/Browser/wwwtax.cgi?id=9606
GTEX-14PHX	https://www.ncbi.nlm.nih.gov/Taxonomy/Browser/wwwtax.cgi?id=9606
GTEX-14PHY	https://www.ncbi.nlm.nih.gov/Taxonomy/Browser/wwwtax.cgi?id=9606
GTEX-14PII	https://www.ncbi.nlm.nih.gov/Taxonomy/Browser/wwwtax.cgi?id=9606
GTEX-14PJ2	https://www.ncbi.nlm.nih.gov/Taxonomy/Browser/wwwtax.cgi?id=9606
GTEX-14PJ3	https://www.ncbi.nlm.nih.gov/Taxonomy/Browser/wwwtax.cgi?id=9606
GTEX-14PJ4	https://www.ncbi.nlm.nih.gov/Taxonomy/Browser/wwwtax.cgi?id=9606
GTEX-14PJ5	https://www.ncbi.nlm.nih.gov/Taxonomy/Browser/wwwtax.cgi?id=9606
GTEX-14PJ6	https://www.ncbi.nlm.nih.gov/Taxonomy/Browser/wwwtax.cgi?id=9606
GTEX-14PJM	https://www.ncbi.nlm.nih.gov/Taxonomy/Browser/wwwtax.cgi?id=9606
GTEX-14PJN	https://www.ncbi.nlm.nih.gov/Taxonomy/Browser/wwwtax.cgi?id=9606
GTEX-14PJO	https://www.ncbi.nlm.nih.gov/Taxonomy/Browser/wwwtax.cgi?id=9606
GTEX-14PJP	https://www.ncbi.nlm.nih.gov/Taxonomy/Browser/wwwtax.cgi?id=9606
GTEX-14PK6	https://www.ncbi.nlm.nih.gov/Taxonomy/Browser/wwwtax.cgi?id=9606
GTEX-14PKU	https://www.ncbi.nlm.nih.gov/Taxonomy/Browser/wwwtax.cgi?id=9606
GTEX-14PKV	https://www.ncbi.nlm.nih.gov/Taxonomy/Browser/wwwtax.cgi?id=9606
GTEX-14PN3	https://www.ncbi.nlm.nih.gov/Taxonomy/Browser/wwwtax.cgi?id=9606
GTEX-14PN4	https://www.ncbi.nlm.nih.gov/Taxonomy/Browser/wwwtax.cgi?id=9606
GTEX-14PQA	https://www.ncbi.nlm.nih.gov/Taxonomy/Browser/wwwtax.cgi?id=9606
GTEX-14XAO	https://www.ncbi.nlm.nih.gov/Taxonomy/Browser/wwwtax.cgi?id=9606
GTEX-15CHC	https://www.ncbi.nlm.nih.gov/Taxonomy/Browser/wwwtax.cgi?id=9606
GTEX-15CHQ	https://www.ncbi.nlm.nih.gov/Taxonomy/Browser/wwwtax.cgi?id=9606
GTEX-15CHR	https://www.ncbi.nlm.nih.gov/Taxonomy/Browser/wwwtax.cgi?id=9606
GTEX-15CHS	https://www.ncbi.nlm.nih.gov/Taxonomy/Browser/wwwtax.cgi?id=9606
GTEX-15D1Q	https://www.ncbi.nlm.nih.gov/Taxonomy/Browser/wwwtax.cgi?id=9606
GTEX-15D79	https://www.ncbi.nlm.nih.gov/Taxonomy/Browser/wwwtax.cgi?id=9606
GTEX-15DCD	https://www.ncbi.nlm.nih.gov/Taxonomy/Browser/wwwtax.cgi?id=9606
GTEX-15DCE	https://www.ncbi.nlm.nih.gov/Taxonomy/Browser/wwwtax.cgi?id=9606
GTEX-15DCZ	https://www.ncbi.nlm.nih.gov/Taxonomy/Browser/wwwtax.cgi?id=9606
GTEX-15DDE	https://www.ncbi.nlm.nih.gov/Taxonomy/Browser/wwwtax.cgi?id=9606
GTEX-15DYW	https://www.ncbi.nlm.nih.gov/Taxonomy/Browser/wwwtax.cgi?id=9606
GTEX-15DZA	https://www.ncbi.nlm.nih.gov/Taxonomy/Browser/wwwtax.cgi?id=9606
GTEX-15EO6	https://www.ncbi.nlm.nih.gov/Taxonomy/Browser/wwwtax.cgi?id=9606
GTEX-15EOM	https://www.ncbi.nlm.nih.gov/Taxonomy/Browser/wwwtax.cgi?id=9606
GTEX-15ER7	https://www.ncbi.nlm.nih.gov/Taxonomy/Browser/wwwtax.cgi?id=9606
GTEX-15ETS	https://www.ncbi.nlm.nih.gov/Taxonomy/Browser/wwwtax.cgi?id=9606
GTEX-15EU6	https://www.ncbi.nlm.nih.gov/Taxonomy/Browser/wwwtax.cgi?id=9606
GTEX-15F5U	https://www.ncbi.nlm.nih.gov/Taxonomy/Browser/wwwtax.cgi?id=9606
GTEX-15FZZ	https://www.ncbi.nlm.nih.gov/Taxonomy/Browser/wwwtax.cgi?id=9606
GTEX-15G19	https://www.ncbi.nlm.nih.gov/Taxonomy/Browser/wwwtax.cgi?id=9606
GTEX-15G1A	https://www.ncbi.nlm.nih.gov/Taxonomy/Browser/wwwtax.cgi?id=9606
GTEX-15RIE	https://www.ncbi.nlm.nih.gov/Taxonomy/Browser/wwwtax.cgi?id=9606
GTEX-15RIF	https://www.ncbi.nlm.nih.gov/Taxonomy/Browser/wwwtax.cgi?id=9606
GTEX-15RIG	https://www.ncbi.nlm.nih.gov/Taxonomy/Browser/wwwtax.cgi?id=9606
GTEX-15RJ7	https://www.ncbi.nlm.nih.gov/Taxonomy/Browser/wwwtax.cgi?id=9606
GTEX-15RJE	https://www.ncbi.nlm.nih.gov/Taxonomy/Browser/wwwtax.cgi?id=9606
GTEX-15SB6	https://www.ncbi.nlm.nih.gov/Taxonomy/Browser/wwwtax.cgi?id=9606
GTEX-15SDE	https://www.ncbi.nlm.nih.gov/Taxonomy/Browser/wwwtax.cgi?id=9606
GTEX-15SHU	https://www.ncbi.nlm.nih.gov/Taxonomy/Browser/wwwtax.cgi?id=9606
GTEX-15SHV	https://www.ncbi.nlm.nih.gov/Taxonomy/Browser/wwwtax.cgi?id=9606
GTEX-15SHW	https://www.ncbi.nlm.nih.gov/Taxonomy/Browser/wwwtax.cgi?id=9606
GTEX-15SKB	https://www.ncbi.nlm.nih.gov/Taxonomy/Browser/wwwtax.cgi?id=9606
GTEX-15SZO	https://www.ncbi.nlm.nih.gov/Taxonomy/Browser/wwwtax.cgi?id=9606
GTEX-15TU5	https://www.ncbi.nlm.nih.gov/Taxonomy/Browser/wwwtax.cgi?id=9606
GTEX-15UF6	https://www.ncbi.nlm.nih.gov/Taxonomy/Browser/wwwtax.cgi?id=9606
GTEX-15UF7	https://www.ncbi.nlm.nih.gov/Taxonomy/Browser/wwwtax.cgi?id=9606
GTEX-15UKP	https://www.ncbi.nlm.nih.gov/Taxonomy/Browser/wwwtax.cgi?id=9606
GTEX-169BO	https://www.ncbi.nlm.nih.gov/Taxonomy/Browser/wwwtax.cgi?id=9606
GTEX-16A39	https://www.ncbi.nlm.nih.gov/Taxonomy/Browser/wwwtax.cgi?id=9606
GTEX-16AAH	https://www.ncbi.nlm.nih.gov/Taxonomy/Browser/wwwtax.cgi?id=9606
GTEX-16BQI	https://www.ncbi.nlm.nih.gov/Taxonomy/Browser/wwwtax.cgi?id=9606
GTEX-16GPK	https://www.ncbi.nlm.nih.gov/Taxonomy/Browser/wwwtax.cgi?id=9606
GTEX-16MT8	https://www.ncbi.nlm.nih.gov/Taxonomy/Browser/wwwtax.cgi?id=9606
GTEX-16MT9	https://www.ncbi.nlm.nih.gov/Taxonomy/Browser/wwwtax.cgi?id=9606
GTEX-16MTA	https://www.ncbi.nlm.nih.gov/Taxonomy/Browser/wwwtax.cgi?id=9606
GTEX-16NFA	https://www.ncbi.nlm.nih.gov/Taxonomy/Browser/wwwtax.cgi?id=9606
GTEX-16NGA	https://www.ncbi.nlm.nih.gov/Taxonomy/Browser/wwwtax.cgi?id=9606
GTEX-16NPV	https://www.ncbi.nlm.nih.gov/Taxonomy/Browser/wwwtax.cgi?id=9606
GTEX-16NPX	https://www.ncbi.nlm.nih.gov/Taxonomy/Browser/wwwtax.cgi?id=9606
GTEX-16XZY	https://www.ncbi.nlm.nih.gov/Taxonomy/Browser/wwwtax.cgi?id=9606
GTEX-16XZZ	https://www.ncbi.nlm.nih.gov/Taxonomy/Browser/wwwtax.cgi?id=9606
GTEX-16YQH	https://www.ncbi.nlm.nih.gov/Taxonomy/Browser/wwwtax.cgi?id=9606
GTEX-16Z82	https://www.ncbi.nlm.nih.gov/Taxonomy/Browser/wwwtax.cgi?id=9606
GTEX-178AV	https://www.ncbi.nlm.nih.gov/Taxonomy/Browser/wwwtax.cgi?id=9606
GTEX-17EUY	https://www.ncbi.nlm.nih.gov/Taxonomy/Browser/wwwtax.cgi?id=9606
GTEX-17EVP	https://www.ncbi.nlm.nih.gov/Taxonomy/Browser/wwwtax.cgi?id=9606
GTEX-17EVQ	https://www.ncbi.nlm.nih.gov/Taxonomy/Browser/wwwtax.cgi?id=9606
GTEX-17F96	https://www.ncbi.nlm.nih.gov/Taxonomy/Browser/wwwtax.cgi?id=9606
GTEX-17F97	https://www.ncbi.nlm.nih.gov/Taxonomy/Browser/wwwtax.cgi?id=9606
GTEX-17F98	https://www.ncbi.nlm.nih.gov/Taxonomy/Browser/wwwtax.cgi?id=9606
GTEX-17F9E	https://www.ncbi.nlm.nih.gov/Taxonomy/Browser/wwwtax.cgi?id=9606
GTEX-17F9Y	https://www.ncbi.nlm.nih.gov/Taxonomy/Browser/wwwtax.cgi?id=9606
GTEX-17GQL	https://www.ncbi.nlm.nih.gov/Taxonomy/Browser/wwwtax.cgi?id=9606
GTEX-17HG3	https://www.ncbi.nlm.nih.gov/Taxonomy/Browser/wwwtax.cgi?id=9606
GTEX-17HGU	https://www.ncbi.nlm.nih.gov/Taxonomy/Browser/wwwtax.cgi?id=9606
GTEX-17HHE	https://www.ncbi.nlm.nih.gov/Taxonomy/Browser/wwwtax.cgi?id=9606
GTEX-17HHY	https://www.ncbi.nlm.nih.gov/Taxonomy/Browser/wwwtax.cgi?id=9606
GTEX-17HII	https://www.ncbi.nlm.nih.gov/Taxonomy/Browser/wwwtax.cgi?id=9606
GTEX-17JCI	https://www.ncbi.nlm.nih.gov/Taxonomy/Browser/wwwtax.cgi?id=9606
GTEX-17KNJ	https://www.ncbi.nlm.nih.gov/Taxonomy/Browser/wwwtax.cgi?id=9606
GTEX-17MF6	https://www.ncbi.nlm.nih.gov/Taxonomy/Browser/wwwtax.cgi?id=9606
GTEX-17MFQ	https://www.ncbi.nlm.nih.gov/Taxonomy/Browser/wwwtax.cgi?id=9606
GTEX-183FY	https://www.ncbi.nlm.nih.gov/Taxonomy/Browser/wwwtax.cgi?id=9606
GTEX-183WM	https://www.ncbi.nlm.nih.gov/Taxonomy/Browser/wwwtax.cgi?id=9606
GTEX-18464	https://www.ncbi.nlm.nih.gov/Taxonomy/Browser/wwwtax.cgi?id=9606
GTEX-18465	https://www.ncbi.nlm.nih.gov/Taxonomy/Browser/wwwtax.cgi?id=9606
GTEX-18A66	https://www.ncbi.nlm.nih.gov/Taxonomy/Browser/wwwtax.cgi?id=9606
GTEX-18A67	https://www.ncbi.nlm.nih.gov/Taxonomy/Browser/wwwtax.cgi?id=9606
GTEX-18A6Q	https://www.ncbi.nlm.nih.gov/Taxonomy/Browser/wwwtax.cgi?id=9606
GTEX-18A7A	https://www.ncbi.nlm.nih.gov/Taxonomy/Browser/wwwtax.cgi?id=9606
GTEX-18A7B	https://www.ncbi.nlm.nih.gov/Taxonomy/Browser/wwwtax.cgi?id=9606
GTEX-18D9A	https://www.ncbi.nlm.nih.gov/Taxonomy/Browser/wwwtax.cgi?id=9606
GTEX-18D9B	https://www.ncbi.nlm.nih.gov/Taxonomy/Browser/wwwtax.cgi?id=9606
GTEX-18D9U	https://www.ncbi.nlm.nih.gov/Taxonomy/Browser/wwwtax.cgi?id=9606
GTEX-18QFQ	https://www.ncbi.nlm.nih.gov/Taxonomy/Browser/wwwtax.cgi?id=9606
GTEX-19HZE	https://www.ncbi.nlm.nih.gov/Taxonomy/Browser/wwwtax.cgi?id=9606
GTEX-1A32A	https://www.ncbi.nlm.nih.gov/Taxonomy/Browser/wwwtax.cgi?id=9606
GTEX-1A3MV	https://www.ncbi.nlm.nih.gov/Taxonomy/Browser/wwwtax.cgi?id=9606
GTEX-1A3MW	https://www.ncbi.nlm.nih.gov/Taxonomy/Browser/wwwtax.cgi?id=9606
GTEX-1A3MX	https://www.ncbi.nlm.nih.gov/Taxonomy/Browser/wwwtax.cgi?id=9606
GTEX-1A8FM	https://www.ncbi.nlm.nih.gov/Taxonomy/Browser/wwwtax.cgi?id=9606
GTEX-1A8G6	https://www.ncbi.nlm.nih.gov/Taxonomy/Browser/wwwtax.cgi?id=9606
GTEX-1A8G7	https://www.ncbi.nlm.nih.gov/Taxonomy/Browser/wwwtax.cgi?id=9606
GTEX-1AMEY	https://www.ncbi.nlm.nih.gov/Taxonomy/Browser/wwwtax.cgi?id=9606
GTEX-1AMFI	https://www.ncbi.nlm.nih.gov/Taxonomy/Browser/wwwtax.cgi?id=9606
GTEX-1AX8Y	https://www.ncbi.nlm.nih.gov/Taxonomy/Browser/wwwtax.cgi?id=9606
GTEX-1AX8Z	https://www.ncbi.nlm.nih.gov/Taxonomy/Browser/wwwtax.cgi?id=9606
GTEX-1AX9I	https://www.ncbi.nlm.nih.gov/Taxonomy/Browser/wwwtax.cgi?id=9606
GTEX-1AX9J	https://www.ncbi.nlm.nih.gov/Taxonomy/Browser/wwwtax.cgi?id=9606
GTEX-1AX9K	https://www.ncbi.nlm.nih.gov/Taxonomy/Browser/wwwtax.cgi?id=9606
GTEX-1AYCT	https://www.ncbi.nlm.nih.gov/Taxonomy/Browser/wwwtax.cgi?id=9606
GTEX-1AYD5	https://www.ncbi.nlm.nih.gov/Taxonomy/Browser/wwwtax.cgi?id=9606
GTEX-1B8KE	https://www.ncbi.nlm.nih.gov/Taxonomy/Browser/wwwtax.cgi?id=9606
GTEX-1B8KZ	https://www.ncbi.nlm.nih.gov/Taxonomy/Browser/wwwtax.cgi?id=9606
GTEX-1B8L1	https://www.ncbi.nlm.nih.gov/Taxonomy/Browser/wwwtax.cgi?id=9606
GTEX-1B8SF	https://www.ncbi.nlm.nih.gov/Taxonomy/Browser/wwwtax.cgi?id=9606
GTEX-1B8SG	https://www.ncbi.nlm.nih.gov/Taxonomy/Browser/wwwtax.cgi?id=9606
GTEX-1B932	https://www.ncbi.nlm.nih.gov/Taxonomy/Browser/wwwtax.cgi?id=9606
GTEX-1B933	https://www.ncbi.nlm.nih.gov/Taxonomy/Browser/wwwtax.cgi?id=9606
GTEX-1B97I	https://www.ncbi.nlm.nih.gov/Taxonomy/Browser/wwwtax.cgi?id=9606
GTEX-1B97J	https://www.ncbi.nlm.nih.gov/Taxonomy/Browser/wwwtax.cgi?id=9606
GTEX-1B98T	https://www.ncbi.nlm.nih.gov/Taxonomy/Browser/wwwtax.cgi?id=9606
GTEX-1B996	https://www.ncbi.nlm.nih.gov/Taxonomy/Browser/wwwtax.cgi?id=9606
GTEX-1BAJH	https://www.ncbi.nlm.nih.gov/Taxonomy/Browser/wwwtax.cgi?id=9606
GTEX-1C2JI	https://www.ncbi.nlm.nih.gov/Taxonomy/Browser/wwwtax.cgi?id=9606
GTEX-1C475	https://www.ncbi.nlm.nih.gov/Taxonomy/Browser/wwwtax.cgi?id=9606
GTEX-1C4CL	https://www.ncbi.nlm.nih.gov/Taxonomy/Browser/wwwtax.cgi?id=9606
GTEX-1C64N	https://www.ncbi.nlm.nih.gov/Taxonomy/Browser/wwwtax.cgi?id=9606
GTEX-1C64O	https://www.ncbi.nlm.nih.gov/Taxonomy/Browser/wwwtax.cgi?id=9606
GTEX-1C6VQ	https://www.ncbi.nlm.nih.gov/Taxonomy/Browser/wwwtax.cgi?id=9606
GTEX-1C6VR	https://www.ncbi.nlm.nih.gov/Taxonomy/Browser/wwwtax.cgi?id=9606
GTEX-1C6VS	https://www.ncbi.nlm.nih.gov/Taxonomy/Browser/wwwtax.cgi?id=9606
GTEX-1C6WA	https://www.ncbi.nlm.nih.gov/Taxonomy/Browser/wwwtax.cgi?id=9606
GTEX-1CAMQ	https://www.ncbi.nlm.nih.gov/Taxonomy/Browser/wwwtax.cgi?id=9606
GTEX-1CAMR	https://www.ncbi.nlm.nih.gov/Taxonomy/Browser/wwwtax.cgi?id=9606
GTEX-1CAMS	https://www.ncbi.nlm.nih.gov/Taxonomy/Browser/wwwtax.cgi?id=9606
GTEX-1CAV2	https://www.ncbi.nlm.nih.gov/Taxonomy/Browser/wwwtax.cgi?id=9606
GTEX-1CB4E	https://www.ncbi.nlm.nih.gov/Taxonomy/Browser/wwwtax.cgi?id=9606
GTEX-1CB4F	https://www.ncbi.nlm.nih.gov/Taxonomy/Browser/wwwtax.cgi?id=9606
GTEX-1CB4G	https://www.ncbi.nlm.nih.gov/Taxonomy/Browser/wwwtax.cgi?id=9606
GTEX-1CB4H	https://www.ncbi.nlm.nih.gov/Taxonomy/Browser/wwwtax.cgi?id=9606
GTEX-1CB4I	https://www.ncbi.nlm.nih.gov/Taxonomy/Browser/wwwtax.cgi?id=9606
GTEX-1CB4J	https://www.ncbi.nlm.nih.gov/Taxonomy/Browser/wwwtax.cgi?id=9606
GTEX-1E1VI	https://www.ncbi.nlm.nih.gov/Taxonomy/Browser/wwwtax.cgi?id=9606
GTEX-1E2YA	https://www.ncbi.nlm.nih.gov/Taxonomy/Browser/wwwtax.cgi?id=9606
GTEX-1EH9U	https://www.ncbi.nlm.nih.gov/Taxonomy/Browser/wwwtax.cgi?id=9606
GTEX-1EKGG	https://www.ncbi.nlm.nih.gov/Taxonomy/Browser/wwwtax.cgi?id=9606
GTEX-1EMGI	https://www.ncbi.nlm.nih.gov/Taxonomy/Browser/wwwtax.cgi?id=9606
GTEX-1EN7A	https://www.ncbi.nlm.nih.gov/Taxonomy/Browser/wwwtax.cgi?id=9606
GTEX-1EU9M	https://www.ncbi.nlm.nih.gov/Taxonomy/Browser/wwwtax.cgi?id=9606
GTEX-1EWIQ	https://www.ncbi.nlm.nih.gov/Taxonomy/Browser/wwwtax.cgi?id=9606
GTEX-1EX96	https://www.ncbi.nlm.nih.gov/Taxonomy/Browser/wwwtax.cgi?id=9606
GTEX-1F48J	https://www.ncbi.nlm.nih.gov/Taxonomy/Browser/wwwtax.cgi?id=9606
GTEX-1F52S	https://www.ncbi.nlm.nih.gov/Taxonomy/Browser/wwwtax.cgi?id=9606
GTEX-1F5PK	https://www.ncbi.nlm.nih.gov/Taxonomy/Browser/wwwtax.cgi?id=9606
GTEX-1F5PL	https://www.ncbi.nlm.nih.gov/Taxonomy/Browser/wwwtax.cgi?id=9606
GTEX-1F6I4	https://www.ncbi.nlm.nih.gov/Taxonomy/Browser/wwwtax.cgi?id=9606
GTEX-1F6IF	https://www.ncbi.nlm.nih.gov/Taxonomy/Browser/wwwtax.cgi?id=9606
GTEX-1F6RS	https://www.ncbi.nlm.nih.gov/Taxonomy/Browser/wwwtax.cgi?id=9606
GTEX-1F75A	https://www.ncbi.nlm.nih.gov/Taxonomy/Browser/wwwtax.cgi?id=9606
GTEX-1F75B	https://www.ncbi.nlm.nih.gov/Taxonomy/Browser/wwwtax.cgi?id=9606
GTEX-1F75I	https://www.ncbi.nlm.nih.gov/Taxonomy/Browser/wwwtax.cgi?id=9606
GTEX-1F75W	https://www.ncbi.nlm.nih.gov/Taxonomy/Browser/wwwtax.cgi?id=9606
GTEX-1F7RK	https://www.ncbi.nlm.nih.gov/Taxonomy/Browser/wwwtax.cgi?id=9606
GTEX-1F88F	https://www.ncbi.nlm.nih.gov/Taxonomy/Browser/wwwtax.cgi?id=9606
GTEX-1FIGZ	https://www.ncbi.nlm.nih.gov/Taxonomy/Browser/wwwtax.cgi?id=9606
GTEX-1GF9U	https://www.ncbi.nlm.nih.gov/Taxonomy/Browser/wwwtax.cgi?id=9606
GTEX-1GF9V	https://www.ncbi.nlm.nih.gov/Taxonomy/Browser/wwwtax.cgi?id=9606
GTEX-1GF9W	https://www.ncbi.nlm.nih.gov/Taxonomy/Browser/wwwtax.cgi?id=9606
GTEX-1GF9X	https://www.ncbi.nlm.nih.gov/Taxonomy/Browser/wwwtax.cgi?id=9606
GTEX-1GL5R	https://www.ncbi.nlm.nih.gov/Taxonomy/Browser/wwwtax.cgi?id=9606
GTEX-1GMR2	https://www.ncbi.nlm.nih.gov/Taxonomy/Browser/wwwtax.cgi?id=9606
GTEX-1GMR3	https://www.ncbi.nlm.nih.gov/Taxonomy/Browser/wwwtax.cgi?id=9606
GTEX-1GMR8	https://www.ncbi.nlm.nih.gov/Taxonomy/Browser/wwwtax.cgi?id=9606
GTEX-1GMRU	https://www.ncbi.nlm.nih.gov/Taxonomy/Browser/wwwtax.cgi?id=9606
GTEX-1GN1U	https://www.ncbi.nlm.nih.gov/Taxonomy/Browser/wwwtax.cgi?id=9606
GTEX-1GN1V	https://www.ncbi.nlm.nih.gov/Taxonomy/Browser/wwwtax.cgi?id=9606
GTEX-1GN1W	https://www.ncbi.nlm.nih.gov/Taxonomy/Browser/wwwtax.cgi?id=9606
GTEX-1GN2E	https://www.ncbi.nlm.nih.gov/Taxonomy/Browser/wwwtax.cgi?id=9606
GTEX-1GN73	https://www.ncbi.nlm.nih.gov/Taxonomy/Browser/wwwtax.cgi?id=9606
GTEX-1GPI7	https://www.ncbi.nlm.nih.gov/Taxonomy/Browser/wwwtax.cgi?id=9606
GTEX-1GTWX	https://www.ncbi.nlm.nih.gov/Taxonomy/Browser/wwwtax.cgi?id=9606
GTEX-1GZ2Q	https://www.ncbi.nlm.nih.gov/Taxonomy/Browser/wwwtax.cgi?id=9606
GTEX-1GZ4H	https://www.ncbi.nlm.nih.gov/Taxonomy/Browser/wwwtax.cgi?id=9606
GTEX-1GZHY	https://www.ncbi.nlm.nih.gov/Taxonomy/Browser/wwwtax.cgi?id=9606
GTEX-N7MS	https://www.ncbi.nlm.nih.gov/Taxonomy/Browser/wwwtax.cgi?id=9606
GTEX-N7MT	https://www.ncbi.nlm.nih.gov/Taxonomy/Browser/wwwtax.cgi?id=9606
GTEX-NFK9	https://www.ncbi.nlm.nih.gov/Taxonomy/Browser/wwwtax.cgi?id=9606
GTEX-NL3G	https://www.ncbi.nlm.nih.gov/Taxonomy/Browser/wwwtax.cgi?id=9606
GTEX-NL3H	https://www.ncbi.nlm.nih.gov/Taxonomy/Browser/wwwtax.cgi?id=9606
GTEX-NL4W	https://www.ncbi.nlm.nih.gov/Taxonomy/Browser/wwwtax.cgi?id=9606
GTEX-NPJ7	https://www.ncbi.nlm.nih.gov/Taxonomy/Browser/wwwtax.cgi?id=9606
GTEX-NPJ8	https://www.ncbi.nlm.nih.gov/Taxonomy/Browser/wwwtax.cgi?id=9606
GTEX-O5YT	https://www.ncbi.nlm.nih.gov/Taxonomy/Browser/wwwtax.cgi?id=9606
GTEX-O5YU	https://www.ncbi.nlm.nih.gov/Taxonomy/Browser/wwwtax.cgi?id=9606
GTEX-O5YV	https://www.ncbi.nlm.nih.gov/Taxonomy/Browser/wwwtax.cgi?id=9606
GTEX-O5YW	https://www.ncbi.nlm.nih.gov/Taxonomy/Browser/wwwtax.cgi?id=9606
GTEX-OHPJ	https://www.ncbi.nlm.nih.gov/Taxonomy/Browser/wwwtax.cgi?id=9606
GTEX-OHPK	https://www.ncbi.nlm.nih.gov/Taxonomy/Browser/wwwtax.cgi?id=9606
GTEX-OHPL	https://www.ncbi.nlm.nih.gov/Taxonomy/Browser/wwwtax.cgi?id=9606
GTEX-OHPM	https://www.ncbi.nlm.nih.gov/Taxonomy/Browser/wwwtax.cgi?id=9606
GTEX-OHPN	https://www.ncbi.nlm.nih.gov/Taxonomy/Browser/wwwtax.cgi?id=9606
GTEX-OIZF	https://www.ncbi.nlm.nih.gov/Taxonomy/Browser/wwwtax.cgi?id=9606
GTEX-OIZG	https://www.ncbi.nlm.nih.gov/Taxonomy/Browser/wwwtax.cgi?id=9606
GTEX-OIZH	https://www.ncbi.nlm.nih.gov/Taxonomy/Browser/wwwtax.cgi?id=9606
GTEX-OIZI	https://www.ncbi.nlm.nih.gov/Taxonomy/Browser/wwwtax.cgi?id=9606
GTEX-OOBJ	https://www.ncbi.nlm.nih.gov/Taxonomy/Browser/wwwtax.cgi?id=9606
GTEX-OOBK	https://www.ncbi.nlm.nih.gov/Taxonomy/Browser/wwwtax.cgi?id=9606
GTEX-OXRK	https://www.ncbi.nlm.nih.gov/Taxonomy/Browser/wwwtax.cgi?id=9606
GTEX-OXRL	https://www.ncbi.nlm.nih.gov/Taxonomy/Browser/wwwtax.cgi?id=9606
GTEX-OXRN	https://www.ncbi.nlm.nih.gov/Taxonomy/Browser/wwwtax.cgi?id=9606
GTEX-OXRO	https://www.ncbi.nlm.nih.gov/Taxonomy/Browser/wwwtax.cgi?id=9606
GTEX-OXRP	https://www.ncbi.nlm.nih.gov/Taxonomy/Browser/wwwtax.cgi?id=9606
GTEX-P44G	https://www.ncbi.nlm.nih.gov/Taxonomy/Browser/wwwtax.cgi?id=9606
GTEX-P44H	https://www.ncbi.nlm.nih.gov/Taxonomy/Browser/wwwtax.cgi?id=9606
GTEX-P4PP	https://www.ncbi.nlm.nih.gov/Taxonomy/Browser/wwwtax.cgi?id=9606
GTEX-P4PQ	https://www.ncbi.nlm.nih.gov/Taxonomy/Browser/wwwtax.cgi?id=9606
GTEX-P4QR	https://www.ncbi.nlm.nih.gov/Taxonomy/Browser/wwwtax.cgi?id=9606
GTEX-P4QS	https://www.ncbi.nlm.nih.gov/Taxonomy/Browser/wwwtax.cgi?id=9606
GTEX-P4QT	https://www.ncbi.nlm.nih.gov/Taxonomy/Browser/wwwtax.cgi?id=9606
GTEX-P78B	https://www.ncbi.nlm.nih.gov/Taxonomy/Browser/wwwtax.cgi?id=9606
GTEX-PLZ4	https://www.ncbi.nlm.nih.gov/Taxonomy/Browser/wwwtax.cgi?id=9606
GTEX-PLZ5	https://www.ncbi.nlm.nih.gov/Taxonomy/Browser/wwwtax.cgi?id=9606
GTEX-PLZ6	https://www.ncbi.nlm.nih.gov/Taxonomy/Browser/wwwtax.cgi?id=9606
GTEX-POMQ	https://www.ncbi.nlm.nih.gov/Taxonomy/Browser/wwwtax.cgi?id=9606
GTEX-POYW	https://www.ncbi.nlm.nih.gov/Taxonomy/Browser/wwwtax.cgi?id=9606
GTEX-PSDG	https://www.ncbi.nlm.nih.gov/Taxonomy/Browser/wwwtax.cgi?id=9606
GTEX-PVOW	https://www.ncbi.nlm.nih.gov/Taxonomy/Browser/wwwtax.cgi?id=9606
GTEX-PW2O	https://www.ncbi.nlm.nih.gov/Taxonomy/Browser/wwwtax.cgi?id=9606
GTEX-PWCY	https://www.ncbi.nlm.nih.gov/Taxonomy/Browser/wwwtax.cgi?id=9606
GTEX-PWN1	https://www.ncbi.nlm.nih.gov/Taxonomy/Browser/wwwtax.cgi?id=9606
GTEX-PWO3	https://www.ncbi.nlm.nih.gov/Taxonomy/Browser/wwwtax.cgi?id=9606
GTEX-PWOO	https://www.ncbi.nlm.nih.gov/Taxonomy/Browser/wwwtax.cgi?id=9606
GTEX-PX3G	https://www.ncbi.nlm.nih.gov/Taxonomy/Browser/wwwtax.cgi?id=9606
GTEX-Q2AG	https://www.ncbi.nlm.nih.gov/Taxonomy/Browser/wwwtax.cgi?id=9606
GTEX-Q2AH	https://www.ncbi.nlm.nih.gov/Taxonomy/Browser/wwwtax.cgi?id=9606
GTEX-Q2AI	https://www.ncbi.nlm.nih.gov/Taxonomy/Browser/wwwtax.cgi?id=9606
GTEX-Q734	https://www.ncbi.nlm.nih.gov/Taxonomy/Browser/wwwtax.cgi?id=9606
GTEX-QCQG	https://www.ncbi.nlm.nih.gov/Taxonomy/Browser/wwwtax.cgi?id=9606
GTEX-QDT8	https://www.ncbi.nlm.nih.gov/Taxonomy/Browser/wwwtax.cgi?id=9606
GTEX-QDVJ	https://www.ncbi.nlm.nih.gov/Taxonomy/Browser/wwwtax.cgi?id=9606
GTEX-QDVN	https://www.ncbi.nlm.nih.gov/Taxonomy/Browser/wwwtax.cgi?id=9606
GTEX-QEG4	https://www.ncbi.nlm.nih.gov/Taxonomy/Browser/wwwtax.cgi?id=9606
GTEX-QEG5	https://www.ncbi.nlm.nih.gov/Taxonomy/Browser/wwwtax.cgi?id=9606
GTEX-QEL4	https://www.ncbi.nlm.nih.gov/Taxonomy/Browser/wwwtax.cgi?id=9606
GTEX-QESD	https://www.ncbi.nlm.nih.gov/Taxonomy/Browser/wwwtax.cgi?id=9606
GTEX-QLQ7	https://www.ncbi.nlm.nih.gov/Taxonomy/Browser/wwwtax.cgi?id=9606
GTEX-QLQW	https://www.ncbi.nlm.nih.gov/Taxonomy/Browser/wwwtax.cgi?id=9606
GTEX-QMR6	https://www.ncbi.nlm.nih.gov/Taxonomy/Browser/wwwtax.cgi?id=9606
GTEX-QMRM	https://www.ncbi.nlm.nih.gov/Taxonomy/Browser/wwwtax.cgi?id=9606
GTEX-QV31	https://www.ncbi.nlm.nih.gov/Taxonomy/Browser/wwwtax.cgi?id=9606
GTEX-QV44	https://www.ncbi.nlm.nih.gov/Taxonomy/Browser/wwwtax.cgi?id=9606
GTEX-QVJO	https://www.ncbi.nlm.nih.gov/Taxonomy/Browser/wwwtax.cgi?id=9606
GTEX-QVUS	https://www.ncbi.nlm.nih.gov/Taxonomy/Browser/wwwtax.cgi?id=9606
GTEX-QXCU	https://www.ncbi.nlm.nih.gov/Taxonomy/Browser/wwwtax.cgi?id=9606
GTEX-R3RS	https://www.ncbi.nlm.nih.gov/Taxonomy/Browser/wwwtax.cgi?id=9606
GTEX-R45C	https://www.ncbi.nlm.nih.gov/Taxonomy/Browser/wwwtax.cgi?id=9606
GTEX-R53T	https://www.ncbi.nlm.nih.gov/Taxonomy/Browser/wwwtax.cgi?id=9606
GTEX-R55C	https://www.ncbi.nlm.nih.gov/Taxonomy/Browser/wwwtax.cgi?id=9606
GTEX-R55D	https://www.ncbi.nlm.nih.gov/Taxonomy/Browser/wwwtax.cgi?id=9606
GTEX-R55E	https://www.ncbi.nlm.nih.gov/Taxonomy/Browser/wwwtax.cgi?id=9606
GTEX-R55F	https://www.ncbi.nlm.nih.gov/Taxonomy/Browser/wwwtax.cgi?id=9606
GTEX-R55G	https://www.ncbi.nlm.nih.gov/Taxonomy/Browser/wwwtax.cgi?id=9606
GTEX-REY6	https://www.ncbi.nlm.nih.gov/Taxonomy/Browser/wwwtax.cgi?id=9606
GTEX-RM2N	https://www.ncbi.nlm.nih.gov/Taxonomy/Browser/wwwtax.cgi?id=9606
GTEX-RN64	https://www.ncbi.nlm.nih.gov/Taxonomy/Browser/wwwtax.cgi?id=9606
GTEX-RNOR	https://www.ncbi.nlm.nih.gov/Taxonomy/Browser/wwwtax.cgi?id=9606
GTEX-RTLS	https://www.ncbi.nlm.nih.gov/Taxonomy/Browser/wwwtax.cgi?id=9606
GTEX-RU1J	https://www.ncbi.nlm.nih.gov/Taxonomy/Browser/wwwtax.cgi?id=9606
GTEX-RU72	https://www.ncbi.nlm.nih.gov/Taxonomy/Browser/wwwtax.cgi?id=9606
GTEX-RUSQ	https://www.ncbi.nlm.nih.gov/Taxonomy/Browser/wwwtax.cgi?id=9606
GTEX-RVPU	https://www.ncbi.nlm.nih.gov/Taxonomy/Browser/wwwtax.cgi?id=9606
GTEX-RVPV	https://www.ncbi.nlm.nih.gov/Taxonomy/Browser/wwwtax.cgi?id=9606
GTEX-RWS6	https://www.ncbi.nlm.nih.gov/Taxonomy/Browser/wwwtax.cgi?id=9606
GTEX-RWSA	https://www.ncbi.nlm.nih.gov/Taxonomy/Browser/wwwtax.cgi?id=9606
GTEX-S32W	https://www.ncbi.nlm.nih.gov/Taxonomy/Browser/wwwtax.cgi?id=9606
GTEX-S33H	https://www.ncbi.nlm.nih.gov/Taxonomy/Browser/wwwtax.cgi?id=9606
GTEX-S341	https://www.ncbi.nlm.nih.gov/Taxonomy/Browser/wwwtax.cgi?id=9606
GTEX-S3XE	https://www.ncbi.nlm.nih.gov/Taxonomy/Browser/wwwtax.cgi?id=9606
GTEX-S4P3	https://www.ncbi.nlm.nih.gov/Taxonomy/Browser/wwwtax.cgi?id=9606
GTEX-S4Q7	https://www.ncbi.nlm.nih.gov/Taxonomy/Browser/wwwtax.cgi?id=9606
GTEX-S4UY	https://www.ncbi.nlm.nih.gov/Taxonomy/Browser/wwwtax.cgi?id=9606
GTEX-S4Z8	https://www.ncbi.nlm.nih.gov/Taxonomy/Browser/wwwtax.cgi?id=9606
GTEX-S7PM	https://www.ncbi.nlm.nih.gov/Taxonomy/Browser/wwwtax.cgi?id=9606
GTEX-S7SE	https://www.ncbi.nlm.nih.gov/Taxonomy/Browser/wwwtax.cgi?id=9606
GTEX-S7SF	https://www.ncbi.nlm.nih.gov/Taxonomy/Browser/wwwtax.cgi?id=9606
GTEX-S95S	https://www.ncbi.nlm.nih.gov/Taxonomy/Browser/wwwtax.cgi?id=9606
GTEX-SE5C	https://www.ncbi.nlm.nih.gov/Taxonomy/Browser/wwwtax.cgi?id=9606
GTEX-SIU7	https://www.ncbi.nlm.nih.gov/Taxonomy/Browser/wwwtax.cgi?id=9606
GTEX-SIU8	https://www.ncbi.nlm.nih.gov/Taxonomy/Browser/wwwtax.cgi?id=9606
GTEX-SJXC	https://www.ncbi.nlm.nih.gov/Taxonomy/Browser/wwwtax.cgi?id=9606
GTEX-SN8G	https://www.ncbi.nlm.nih.gov/Taxonomy/Browser/wwwtax.cgi?id=9606
GTEX-SNMC	https://www.ncbi.nlm.nih.gov/Taxonomy/Browser/wwwtax.cgi?id=9606
GTEX-SNOS	https://www.ncbi.nlm.nih.gov/Taxonomy/Browser/wwwtax.cgi?id=9606
GTEX-SSA3	https://www.ncbi.nlm.nih.gov/Taxonomy/Browser/wwwtax.cgi?id=9606
GTEX-SUCS	https://www.ncbi.nlm.nih.gov/Taxonomy/Browser/wwwtax.cgi?id=9606
GTEX-T2IS	https://www.ncbi.nlm.nih.gov/Taxonomy/Browser/wwwtax.cgi?id=9606
GTEX-T2YK	https://www.ncbi.nlm.nih.gov/Taxonomy/Browser/wwwtax.cgi?id=9606
GTEX-T5JC	https://www.ncbi.nlm.nih.gov/Taxonomy/Browser/wwwtax.cgi?id=9606
GTEX-T5JW	https://www.ncbi.nlm.nih.gov/Taxonomy/Browser/wwwtax.cgi?id=9606
GTEX-T6MN	https://www.ncbi.nlm.nih.gov/Taxonomy/Browser/wwwtax.cgi?id=9606
GTEX-T6MO	https://www.ncbi.nlm.nih.gov/Taxonomy/Browser/wwwtax.cgi?id=9606
GTEX-T8EM	https://www.ncbi.nlm.nih.gov/Taxonomy/Browser/wwwtax.cgi?id=9606
GTEX-TKQ1	https://www.ncbi.nlm.nih.gov/Taxonomy/Browser/wwwtax.cgi?id=9606
GTEX-TKQ2	https://www.ncbi.nlm.nih.gov/Taxonomy/Browser/wwwtax.cgi?id=9606
GTEX-TMKS	https://www.ncbi.nlm.nih.gov/Taxonomy/Browser/wwwtax.cgi?id=9606
GTEX-TML8	https://www.ncbi.nlm.nih.gov/Taxonomy/Browser/wwwtax.cgi?id=9606
GTEX-TMMY	https://www.ncbi.nlm.nih.gov/Taxonomy/Browser/wwwtax.cgi?id=9606
GTEX-TMZS	https://www.ncbi.nlm.nih.gov/Taxonomy/Browser/wwwtax.cgi?id=9606
GTEX-TSE9	https://www.ncbi.nlm.nih.gov/Taxonomy/Browser/wwwtax.cgi?id=9606
GTEX-U3ZG	https://www.ncbi.nlm.nih.gov/Taxonomy/Browser/wwwtax.cgi?id=9606
GTEX-U3ZH	https://www.ncbi.nlm.nih.gov/Taxonomy/Browser/wwwtax.cgi?id=9606
GTEX-U3ZM	https://www.ncbi.nlm.nih.gov/Taxonomy/Browser/wwwtax.cgi?id=9606
GTEX-U3ZN	https://www.ncbi.nlm.nih.gov/Taxonomy/Browser/wwwtax.cgi?id=9606
GTEX-U412	https://www.ncbi.nlm.nih.gov/Taxonomy/Browser/wwwtax.cgi?id=9606
GTEX-U4B1	https://www.ncbi.nlm.nih.gov/Taxonomy/Browser/wwwtax.cgi?id=9606
GTEX-U8T8	https://www.ncbi.nlm.nih.gov/Taxonomy/Browser/wwwtax.cgi?id=9606
GTEX-U8XE	https://www.ncbi.nlm.nih.gov/Taxonomy/Browser/wwwtax.cgi?id=9606
GTEX-UJHI	https://www.ncbi.nlm.nih.gov/Taxonomy/Browser/wwwtax.cgi?id=9606
GTEX-UJMC	https://www.ncbi.nlm.nih.gov/Taxonomy/Browser/wwwtax.cgi?id=9606
GTEX-UPIC	https://www.ncbi.nlm.nih.gov/Taxonomy/Browser/wwwtax.cgi?id=9606
GTEX-UPJH	https://www.ncbi.nlm.nih.gov/Taxonomy/Browser/wwwtax.cgi?id=9606
GTEX-UPK5	https://www.ncbi.nlm.nih.gov/Taxonomy/Browser/wwwtax.cgi?id=9606
GTEX-UTHO	https://www.ncbi.nlm.nih.gov/Taxonomy/Browser/wwwtax.cgi?id=9606
GTEX-V1D1	https://www.ncbi.nlm.nih.gov/Taxonomy/Browser/wwwtax.cgi?id=9606
GTEX-V955	https://www.ncbi.nlm.nih.gov/Taxonomy/Browser/wwwtax.cgi?id=9606
GTEX-VJWN	https://www.ncbi.nlm.nih.gov/Taxonomy/Browser/wwwtax.cgi?id=9606
GTEX-VJYA	https://www.ncbi.nlm.nih.gov/Taxonomy/Browser/wwwtax.cgi?id=9606
GTEX-VUSG	https://www.ncbi.nlm.nih.gov/Taxonomy/Browser/wwwtax.cgi?id=9606
GTEX-VUSH	https://www.ncbi.nlm.nih.gov/Taxonomy/Browser/wwwtax.cgi?id=9606
GTEX-W5WG	https://www.ncbi.nlm.nih.gov/Taxonomy/Browser/wwwtax.cgi?id=9606
GTEX-W5X1	https://www.ncbi.nlm.nih.gov/Taxonomy/Browser/wwwtax.cgi?id=9606
GTEX-WCDI	https://www.ncbi.nlm.nih.gov/Taxonomy/Browser/wwwtax.cgi?id=9606
GTEX-WEY5	https://www.ncbi.nlm.nih.gov/Taxonomy/Browser/wwwtax.cgi?id=9606
GTEX-WFG7	https://www.ncbi.nlm.nih.gov/Taxonomy/Browser/wwwtax.cgi?id=9606
GTEX-WFG8	https://www.ncbi.nlm.nih.gov/Taxonomy/Browser/wwwtax.cgi?id=9606
GTEX-WFJO	https://www.ncbi.nlm.nih.gov/Taxonomy/Browser/wwwtax.cgi?id=9606
GTEX-WFON	https://www.ncbi.nlm.nih.gov/Taxonomy/Browser/wwwtax.cgi?id=9606
GTEX-WH7G	https://www.ncbi.nlm.nih.gov/Taxonomy/Browser/wwwtax.cgi?id=9606
GTEX-WHPG	https://www.ncbi.nlm.nih.gov/Taxonomy/Browser/wwwtax.cgi?id=9606
GTEX-WHSB	https://www.ncbi.nlm.nih.gov/Taxonomy/Browser/wwwtax.cgi?id=9606
GTEX-WHSE	https://www.ncbi.nlm.nih.gov/Taxonomy/Browser/wwwtax.cgi?id=9606
GTEX-WHWD	https://www.ncbi.nlm.nih.gov/Taxonomy/Browser/wwwtax.cgi?id=9606
GTEX-WI4N	https://www.ncbi.nlm.nih.gov/Taxonomy/Browser/wwwtax.cgi?id=9606
GTEX-WK11	https://www.ncbi.nlm.nih.gov/Taxonomy/Browser/wwwtax.cgi?id=9606
GTEX-WL46	https://www.ncbi.nlm.nih.gov/Taxonomy/Browser/wwwtax.cgi?id=9606
GTEX-WOFL	https://www.ncbi.nlm.nih.gov/Taxonomy/Browser/wwwtax.cgi?id=9606
GTEX-WOFM	https://www.ncbi.nlm.nih.gov/Taxonomy/Browser/wwwtax.cgi?id=9606
GTEX-WQUQ	https://www.ncbi.nlm.nih.gov/Taxonomy/Browser/wwwtax.cgi?id=9606
GTEX-WRHK	https://www.ncbi.nlm.nih.gov/Taxonomy/Browser/wwwtax.cgi?id=9606
GTEX-WRHU	https://www.ncbi.nlm.nih.gov/Taxonomy/Browser/wwwtax.cgi?id=9606
GTEX-WVJS	https://www.ncbi.nlm.nih.gov/Taxonomy/Browser/wwwtax.cgi?id=9606
GTEX-WVLH	https://www.ncbi.nlm.nih.gov/Taxonomy/Browser/wwwtax.cgi?id=9606
GTEX-WWTW	https://www.ncbi.nlm.nih.gov/Taxonomy/Browser/wwwtax.cgi?id=9606
GTEX-WWYW	https://www.ncbi.nlm.nih.gov/Taxonomy/Browser/wwwtax.cgi?id=9606
GTEX-WXYG	https://www.ncbi.nlm.nih.gov/Taxonomy/Browser/wwwtax.cgi?id=9606
GTEX-WY7C	https://www.ncbi.nlm.nih.gov/Taxonomy/Browser/wwwtax.cgi?id=9606
GTEX-WYBS	https://www.ncbi.nlm.nih.gov/Taxonomy/Browser/wwwtax.cgi?id=9606
GTEX-WYJK	https://www.ncbi.nlm.nih.gov/Taxonomy/Browser/wwwtax.cgi?id=9606
GTEX-WYVS	https://www.ncbi.nlm.nih.gov/Taxonomy/Browser/wwwtax.cgi?id=9606
GTEX-WZTO	https://www.ncbi.nlm.nih.gov/Taxonomy/Browser/wwwtax.cgi?id=9606
GTEX-X15G	https://www.ncbi.nlm.nih.gov/Taxonomy/Browser/wwwtax.cgi?id=9606
GTEX-X261	https://www.ncbi.nlm.nih.gov/Taxonomy/Browser/wwwtax.cgi?id=9606
GTEX-X3Y1	https://www.ncbi.nlm.nih.gov/Taxonomy/Browser/wwwtax.cgi?id=9606
GTEX-X4EO	https://www.ncbi.nlm.nih.gov/Taxonomy/Browser/wwwtax.cgi?id=9606
GTEX-X4EP	https://www.ncbi.nlm.nih.gov/Taxonomy/Browser/wwwtax.cgi?id=9606
GTEX-X4LF	https://www.ncbi.nlm.nih.gov/Taxonomy/Browser/wwwtax.cgi?id=9606
GTEX-X4XX	https://www.ncbi.nlm.nih.gov/Taxonomy/Browser/wwwtax.cgi?id=9606
GTEX-X4XY	https://www.ncbi.nlm.nih.gov/Taxonomy/Browser/wwwtax.cgi?id=9606
GTEX-X585	https://www.ncbi.nlm.nih.gov/Taxonomy/Browser/wwwtax.cgi?id=9606
GTEX-X5EB	https://www.ncbi.nlm.nih.gov/Taxonomy/Browser/wwwtax.cgi?id=9606
GTEX-X62O	https://www.ncbi.nlm.nih.gov/Taxonomy/Browser/wwwtax.cgi?id=9606
GTEX-X638	https://www.ncbi.nlm.nih.gov/Taxonomy/Browser/wwwtax.cgi?id=9606
GTEX-X88G	https://www.ncbi.nlm.nih.gov/Taxonomy/Browser/wwwtax.cgi?id=9606
GTEX-X8HC	https://www.ncbi.nlm.nih.gov/Taxonomy/Browser/wwwtax.cgi?id=9606
GTEX-XAJ8	https://www.ncbi.nlm.nih.gov/Taxonomy/Browser/wwwtax.cgi?id=9606
GTEX-XBEC	https://www.ncbi.nlm.nih.gov/Taxonomy/Browser/wwwtax.cgi?id=9606
GTEX-XBED	https://www.ncbi.nlm.nih.gov/Taxonomy/Browser/wwwtax.cgi?id=9606
GTEX-XBEW	https://www.ncbi.nlm.nih.gov/Taxonomy/Browser/wwwtax.cgi?id=9606
GTEX-XGQ4	https://www.ncbi.nlm.nih.gov/Taxonomy/Browser/wwwtax.cgi?id=9606
GTEX-XK95	https://www.ncbi.nlm.nih.gov/Taxonomy/Browser/wwwtax.cgi?id=9606
GTEX-XLM4	https://www.ncbi.nlm.nih.gov/Taxonomy/Browser/wwwtax.cgi?id=9606
GTEX-XMD1	https://www.ncbi.nlm.nih.gov/Taxonomy/Browser/wwwtax.cgi?id=9606
GTEX-XMD2	https://www.ncbi.nlm.nih.gov/Taxonomy/Browser/wwwtax.cgi?id=9606
GTEX-XMD3	https://www.ncbi.nlm.nih.gov/Taxonomy/Browser/wwwtax.cgi?id=9606
GTEX-XMK1	https://www.ncbi.nlm.nih.gov/Taxonomy/Browser/wwwtax.cgi?id=9606
GTEX-XOT4	https://www.ncbi.nlm.nih.gov/Taxonomy/Browser/wwwtax.cgi?id=9606
GTEX-XOTO	https://www.ncbi.nlm.nih.gov/Taxonomy/Browser/wwwtax.cgi?id=9606
GTEX-XPT6	https://www.ncbi.nlm.nih.gov/Taxonomy/Browser/wwwtax.cgi?id=9606
GTEX-XPVG	https://www.ncbi.nlm.nih.gov/Taxonomy/Browser/wwwtax.cgi?id=9606
GTEX-XQ3S	https://www.ncbi.nlm.nih.gov/Taxonomy/Browser/wwwtax.cgi?id=9606
GTEX-XQ8I	https://www.ncbi.nlm.nih.gov/Taxonomy/Browser/wwwtax.cgi?id=9606
GTEX-XUJ4	https://www.ncbi.nlm.nih.gov/Taxonomy/Browser/wwwtax.cgi?id=9606
GTEX-XUW1	https://www.ncbi.nlm.nih.gov/Taxonomy/Browser/wwwtax.cgi?id=9606
GTEX-XUYS	https://www.ncbi.nlm.nih.gov/Taxonomy/Browser/wwwtax.cgi?id=9606
GTEX-XUZC	https://www.ncbi.nlm.nih.gov/Taxonomy/Browser/wwwtax.cgi?id=9606
GTEX-XV7Q	https://www.ncbi.nlm.nih.gov/Taxonomy/Browser/wwwtax.cgi?id=9606
GTEX-XXEK	https://www.ncbi.nlm.nih.gov/Taxonomy/Browser/wwwtax.cgi?id=9606
GTEX-XYKS	https://www.ncbi.nlm.nih.gov/Taxonomy/Browser/wwwtax.cgi?id=9606
GTEX-Y111	https://www.ncbi.nlm.nih.gov/Taxonomy/Browser/wwwtax.cgi?id=9606
GTEX-Y114	https://www.ncbi.nlm.nih.gov/Taxonomy/Browser/wwwtax.cgi?id=9606
GTEX-Y3I4	https://www.ncbi.nlm.nih.gov/Taxonomy/Browser/wwwtax.cgi?id=9606
GTEX-Y3IK	https://www.ncbi.nlm.nih.gov/Taxonomy/Browser/wwwtax.cgi?id=9606
GTEX-Y5LM	https://www.ncbi.nlm.nih.gov/Taxonomy/Browser/wwwtax.cgi?id=9606
GTEX-Y5V5	https://www.ncbi.nlm.nih.gov/Taxonomy/Browser/wwwtax.cgi?id=9606
GTEX-Y5V6	https://www.ncbi.nlm.nih.gov/Taxonomy/Browser/wwwtax.cgi?id=9606
GTEX-Y8DK	https://www.ncbi.nlm.nih.gov/Taxonomy/Browser/wwwtax.cgi?id=9606
GTEX-Y8E4	https://www.ncbi.nlm.nih.gov/Taxonomy/Browser/wwwtax.cgi?id=9606
GTEX-Y8E5	https://www.ncbi.nlm.nih.gov/Taxonomy/Browser/wwwtax.cgi?id=9606
GTEX-Y8LW	https://www.ncbi.nlm.nih.gov/Taxonomy/Browser/wwwtax.cgi?id=9606
GTEX-Y9LG	https://www.ncbi.nlm.nih.gov/Taxonomy/Browser/wwwtax.cgi?id=9606
GTEX-YB5E	https://www.ncbi.nlm.nih.gov/Taxonomy/Browser/wwwtax.cgi?id=9606
GTEX-YB5K	https://www.ncbi.nlm.nih.gov/Taxonomy/Browser/wwwtax.cgi?id=9606
GTEX-YBZK	https://www.ncbi.nlm.nih.gov/Taxonomy/Browser/wwwtax.cgi?id=9606
GTEX-YEC3	https://www.ncbi.nlm.nih.gov/Taxonomy/Browser/wwwtax.cgi?id=9606
GTEX-YEC4	https://www.ncbi.nlm.nih.gov/Taxonomy/Browser/wwwtax.cgi?id=9606
GTEX-YECK	https://www.ncbi.nlm.nih.gov/Taxonomy/Browser/wwwtax.cgi?id=9606
GTEX-YF7O	https://www.ncbi.nlm.nih.gov/Taxonomy/Browser/wwwtax.cgi?id=9606
GTEX-YFC4	https://www.ncbi.nlm.nih.gov/Taxonomy/Browser/wwwtax.cgi?id=9606
GTEX-YFCO	https://www.ncbi.nlm.nih.gov/Taxonomy/Browser/wwwtax.cgi?id=9606
GTEX-YJ89	https://www.ncbi.nlm.nih.gov/Taxonomy/Browser/wwwtax.cgi?id=9606
GTEX-YJ8A	https://www.ncbi.nlm.nih.gov/Taxonomy/Browser/wwwtax.cgi?id=9606
GTEX-YJ8O	https://www.ncbi.nlm.nih.gov/Taxonomy/Browser/wwwtax.cgi?id=9606
GTEX-Z93S	https://www.ncbi.nlm.nih.gov/Taxonomy/Browser/wwwtax.cgi?id=9606
GTEX-Z93T	https://www.ncbi.nlm.nih.gov/Taxonomy/Browser/wwwtax.cgi?id=9606
GTEX-Z9EW	https://www.ncbi.nlm.nih.gov/Taxonomy/Browser/wwwtax.cgi?id=9606
GTEX-ZA64	https://www.ncbi.nlm.nih.gov/Taxonomy/Browser/wwwtax.cgi?id=9606
GTEX-ZAB4	https://www.ncbi.nlm.nih.gov/Taxonomy/Browser/wwwtax.cgi?id=9606
GTEX-ZAB5	https://www.ncbi.nlm.nih.gov/Taxonomy/Browser/wwwtax.cgi?id=9606
GTEX-ZAJG	https://www.ncbi.nlm.nih.gov/Taxonomy/Browser/wwwtax.cgi?id=9606
GTEX-ZAK1	https://www.ncbi.nlm.nih.gov/Taxonomy/Browser/wwwtax.cgi?id=9606
GTEX-ZAKK	https://www.ncbi.nlm.nih.gov/Taxonomy/Browser/wwwtax.cgi?id=9606
GTEX-ZC5H	https://www.ncbi.nlm.nih.gov/Taxonomy/Browser/wwwtax.cgi?id=9606
GTEX-ZDTS	https://www.ncbi.nlm.nih.gov/Taxonomy/Browser/wwwtax.cgi?id=9606
GTEX-ZDTT	https://www.ncbi.nlm.nih.gov/Taxonomy/Browser/wwwtax.cgi?id=9606
GTEX-ZDXO	https://www.ncbi.nlm.nih.gov/Taxonomy/Browser/wwwtax.cgi?id=9606
GTEX-ZDYS	https://www.ncbi.nlm.nih.gov/Taxonomy/Browser/wwwtax.cgi?id=9606
GTEX-ZE7O	https://www.ncbi.nlm.nih.gov/Taxonomy/Browser/wwwtax.cgi?id=9606
GTEX-ZE9C	https://www.ncbi.nlm.nih.gov/Taxonomy/Browser/wwwtax.cgi?id=9606
GTEX-ZEX8	https://www.ncbi.nlm.nih.gov/Taxonomy/Browser/wwwtax.cgi?id=9606
GTEX-ZF28	https://www.ncbi.nlm.nih.gov/Taxonomy/Browser/wwwtax.cgi?id=9606
GTEX-ZF29	https://www.ncbi.nlm.nih.gov/Taxonomy/Browser/wwwtax.cgi?id=9606
GTEX-ZF2S	https://www.ncbi.nlm.nih.gov/Taxonomy/Browser/wwwtax.cgi?id=9606
GTEX-ZF3C	https://www.ncbi.nlm.nih.gov/Taxonomy/Browser/wwwtax.cgi?id=9606
GTEX-ZG7Y	https://www.ncbi.nlm.nih.gov/Taxonomy/Browser/wwwtax.cgi?id=9606
GTEX-ZGAY	https://www.ncbi.nlm.nih.gov/Taxonomy/Browser/wwwtax.cgi?id=9606
GTEX-ZLFU	https://www.ncbi.nlm.nih.gov/Taxonomy/Browser/wwwtax.cgi?id=9606
GTEX-ZLV1	https://www.ncbi.nlm.nih.gov/Taxonomy/Browser/wwwtax.cgi?id=9606
GTEX-ZLWG	https://www.ncbi.nlm.nih.gov/Taxonomy/Browser/wwwtax.cgi?id=9606
GTEX-ZP4G	https://www.ncbi.nlm.nih.gov/Taxonomy/Browser/wwwtax.cgi?id=9606
GTEX-ZPCL	https://www.ncbi.nlm.nih.gov/Taxonomy/Browser/wwwtax.cgi?id=9606
GTEX-ZPIC	https://www.ncbi.nlm.nih.gov/Taxonomy/Browser/wwwtax.cgi?id=9606
GTEX-ZPU1	https://www.ncbi.nlm.nih.gov/Taxonomy/Browser/wwwtax.cgi?id=9606
GTEX-ZQG8	https://www.ncbi.nlm.nih.gov/Taxonomy/Browser/wwwtax.cgi?id=9606
GTEX-ZQUD	https://www.ncbi.nlm.nih.gov/Taxonomy/Browser/wwwtax.cgi?id=9606
GTEX-ZT9W	https://www.ncbi.nlm.nih.gov/Taxonomy/Browser/wwwtax.cgi?id=9606
GTEX-ZT9X	https://www.ncbi.nlm.nih.gov/Taxonomy/Browser/wwwtax.cgi?id=9606
GTEX-ZTPG	https://www.ncbi.nlm.nih.gov/Taxonomy/Browser/wwwtax.cgi?id=9606
GTEX-ZTSS	https://www.ncbi.nlm.nih.gov/Taxonomy/Browser/wwwtax.cgi?id=9606
GTEX-ZTTD	https://www.ncbi.nlm.nih.gov/Taxonomy/Browser/wwwtax.cgi?id=9606
GTEX-ZTX8	https://www.ncbi.nlm.nih.gov/Taxonomy/Browser/wwwtax.cgi?id=9606
GTEX-ZU9S	https://www.ncbi.nlm.nih.gov/Taxonomy/Browser/wwwtax.cgi?id=9606
GTEX-ZUA1	https://www.ncbi.nlm.nih.gov/Taxonomy/Browser/wwwtax.cgi?id=9606
GTEX-ZV68	https://www.ncbi.nlm.nih.gov/Taxonomy/Browser/wwwtax.cgi?id=9606
GTEX-ZV6S	https://www.ncbi.nlm.nih.gov/Taxonomy/Browser/wwwtax.cgi?id=9606
GTEX-ZV7C	https://www.ncbi.nlm.nih.gov/Taxonomy/Browser/wwwtax.cgi?id=9606
GTEX-ZVE1	https://www.ncbi.nlm.nih.gov/Taxonomy/Browser/wwwtax.cgi?id=9606
GTEX-ZVE2	https://www.ncbi.nlm.nih.gov/Taxonomy/Browser/wwwtax.cgi?id=9606
GTEX-ZVP2	https://www.ncbi.nlm.nih.gov/Taxonomy/Browser/wwwtax.cgi?id=9606
GTEX-ZVT2	https://www.ncbi.nlm.nih.gov/Taxonomy/Browser/wwwtax.cgi?id=9606
GTEX-ZVT3	https://www.ncbi.nlm.nih.gov/Taxonomy/Browser/wwwtax.cgi?id=9606
GTEX-ZVT4	https://www.ncbi.nlm.nih.gov/Taxonomy/Browser/wwwtax.cgi?id=9606
GTEX-ZVTK	https://www.ncbi.nlm.nih.gov/Taxonomy/Browser/wwwtax.cgi?id=9606
GTEX-ZVZO	https://www.ncbi.nlm.nih.gov/Taxonomy/Browser/wwwtax.cgi?id=9606
GTEX-ZVZP	https://www.ncbi.nlm.nih.gov/Taxonomy/Browser/wwwtax.cgi?id=9606
GTEX-ZVZQ	https://www.ncbi.nlm.nih.gov/Taxonomy/Browser/wwwtax.cgi?id=9606
GTEX-ZWKS	https://www.ncbi.nlm.nih.gov/Taxonomy/Browser/wwwtax.cgi?id=9606
GTEX-ZXES	https://www.ncbi.nlm.nih.gov/Taxonomy/Browser/wwwtax.cgi?id=9606
GTEX-ZXG5	https://www.ncbi.nlm.nih.gov/Taxonomy/Browser/wwwtax.cgi?id=9606
GTEX-ZY6K	https://www.ncbi.nlm.nih.gov/Taxonomy/Browser/wwwtax.cgi?id=9606
GTEX-ZYFC	https://www.ncbi.nlm.nih.gov/Taxonomy/Browser/wwwtax.cgi?id=9606
GTEX-ZYFD	https://www.ncbi.nlm.nih.gov/Taxonomy/Browser/wwwtax.cgi?id=9606
GTEX-ZYFG	https://www.ncbi.nlm.nih.gov/Taxonomy/Browser/wwwtax.cgi?id=9606
GTEX-ZYT6	https://www.ncbi.nlm.nih.gov/Taxonomy/Browser/wwwtax.cgi?id=9606
GTEX-ZYVF	https://www.ncbi.nlm.nih.gov/Taxonomy/Browser/wwwtax.cgi?id=9606
GTEX-ZYW4	https://www.ncbi.nlm.nih.gov/Taxonomy/Browser/wwwtax.cgi?id=9606
GTEX-ZYWO	https://www.ncbi.nlm.nih.gov/Taxonomy/Browser/wwwtax.cgi?id=9606
GTEX-ZYY3	https://www.ncbi.nlm.nih.gov/Taxonomy/Browser/wwwtax.cgi?id=9606
GTEX-ZZ64	https://www.ncbi.nlm.nih.gov/Taxonomy/Browser/wwwtax.cgi?id=9606
GTEX-ZZPT	https://www.ncbi.nlm.nih.gov/Taxonomy/Browser/wwwtax.cgi?id=9606
GTEX-ZZPU	https://www.ncbi.nlm.nih.gov/Taxonomy/Browser/wwwtax.cgi?id=9606
K-562	https://www.ncbi.nlm.nih.gov/Taxonomy/Browser/wwwtax.cgi?id=9606
